Путь,Пакет,Версия,Описание пакета,Последнее изменение,Есть файлы без доступа на чтение,Последний запуск,Запусков в 2023,Запусков в 2024,Запусков в 2025,ПО для рассмотрения?,Модули,Тип,Владелец,Группа,Версия в Octoshell,Коммерческий(Octoshell)
/opt/slurm/15.08.1,Slurm,,,2016-02-25,да,2025-06-10 18:34:44,21902,28221,11152,,slurm/ slurm/15.08.1,directory,aln,root,,
/opt/ccoe/gromacs-2018-icc,Gromacs,,,2018-05-28,нет,2025-05-14 12:56:57,20198,17487,7303,,,directory,root,ccoe,,
/opt/software/VASP-5.4.4-icc1,Vasp,,,2021-05-18,да,2025-06-10 18:49:32,3237,4811,3820,,vasp/5.4.4-icc1,directory,root,root,,
/opt/intel/compilers_and_libraries_2020.4.304,,,,2020-10-14,да,2025-06-09 13:51:12,963,1426,1645,,impi/ impi/2019.9 intel/2017.1 intel/2019.4 intel/2019.5 modulefiles7/impi/ modulefiles7/impi/2019.9,directory,root,root,,
/opt/intel/impi,,,,2021-03-25,да,2025-06-10 18:34:44,4218,2688,1281,,impi/4.1.3.048 intel/2017.1 intel/2019.4 intel/2019.5,directory,root,root,,
/opt/software/lammps/lammps-30Mar18-cuda-p100,Lammps,,,2018-04-12,да,2025-06-10 15:51:23,1221,1585,820,,lammps/ lammps/30M18-cuda-p100,directory,practice,practice,,
/opt/software/cp2k,Cp2k,,,2024-08-08,да,2025-06-10 17:53:37,1128,1239,687,,cp2k/7.1.bak cp2k/7.1,directory,root,root,,
/opt/ccoe/gromacs-2020.3-mpi-cuda,Gromacs,,,2020-10-06,нет,2025-06-10 10:08:48,1139,1394,548,,gromacs/ gromacs/2020.3-mpi-gpu,directory,practice,practice,,
/opt/software/Anaconda2,Anaconda,,,2018-08-31,да,2025-06-09 18:11:36,12,156,542,,anaconda2/ anaconda2/2.5.0,directory,root,root,,
/opt/ccoe/espresso-6.4.1_MPI,Quantum Espresso,,,2019-10-06,нет,2025-06-08 21:17:19,8,246,346,,espresso/ espresso/6.4.1-MPI,directory,practice,practice,,
/opt/software/VASP-5.4.4-gcc,Vasp,,,2021-04-30,да,2025-06-06 08:02:58,,,335,,vasp/5.4.4-gcc,directory,root,root,,
/opt/ccoe/crystal,Crystal,,,2019-03-25,да,2025-06-10 18:31:23,794,326,219,,crystal/ crystal/17-1.0.1,directory,practice,practice,,
/opt/intel/oneapi,Gromacs,,,2024-07-02,да,2025-06-09 18:14:20,1298,618,191,,advisor/ advisor/latest advisor/2021.1.1 ccl/ ccl/latest ccl/2021.1.1 clck/ clck/latest clck/2021.2.0 compiler/ compiler-rt/ compiler-rt/latest compiler-rt/2021.1.1 compiler-rt/2021.1.2 compiler-rt/2021.2.0 compiler-rt32/ compiler-rt32/latest compiler-rt32/2021.1.1 compiler-rt32/2021.1.2 compiler-rt32/2021.2.0 compiler/latest compiler/2021.1.1 compiler/2021.1.2 compiler/2021.2.0 dal/ dal/latest dal/2021.1.1 debugger/ debugger/latest debugger/10.0.0 debugger/10.1.1 dev-utilities/ dev-utilities/latest dev-utilities/2021.1.1 dev-utilities/2021.2.0 dnnl/ dnnl-cpu-gomp/ dnnl-cpu-gomp/latest dnnl-cpu-gomp/2021.1.1 dnnl-cpu-iomp/ dnnl-cpu-iomp/latest dnnl-cpu-iomp/2021.1.1 dnnl-cpu-tbb/ dnnl-cpu-tbb/latest dnnl-cpu-tbb/2021.1.1 dnnl/latest dnnl/2021.1.1 dpct/ dpct/latest dpct/2021.1.1 dpl/ dpl/latest dpl/2021.1.1 inspector/ inspector/latest inspector/2021.2.0 intel/2017.1 intel/2019.4 intel/2019.5 intel_ipp_ia32/ intel_ipp_ia32/latest intel_ipp_ia32/2021.1.1 intel_ipp_intel64/ intel_ipp_intel64/latest intel_ipp_intel64/2021.1.1 intel_ippcp_ia32/ intel_ippcp_ia32/latest intel_ippcp_ia32/2021.1.1 intel_ippcp_intel64/ intel_ippcp_intel64/latest intel_ippcp_intel64/2021.1.1 itac/ itac/latest itac/2021.2.0 mkl/latest mkl/2021.1.1 mkl32/ mkl32/latest mkl32/2021.1.1 mpi/ mpi/latest mpi/2021.1.1 mpi/2021.2.0 oclfpga/ oclfpga/latest oclfpga/2021.1.1 oclfpga/2021.1.2 oclfpga/2021.2.0 tbb/ tbb/latest tbb/2021.1.1 tbb/2021.2.0 tbb32/ tbb32/latest tbb32/2021.1.1 tbb32/2021.2.0 vpl/ vpl/latest vpl/2021.1.1 vtune/ vtune/latest vtune/2021.1.2,directory,root,root,,
/opt/ccoe/gromacs-2020.3-gcc-cuda,Gromacs,,,2020-10-06,нет,2025-05-25 03:44:43,335,,178,,gromacs/2020.3-gcc-gpu,directory,practice,practice,,
/opt/intel/compilers_and_libraries_2017.1.132,,,,2016-10-18,да,2025-06-10 12:30:45,153,83,176,,impi/2017.1 intel/2017.1 intel/2019.4 intel/2019.5 mkl/2017.1,directory,root,root,,
/opt/ccoe/NAMD-2.11-cuda,Namd,,,2016-04-12,нет,2025-06-10 10:41:21,211,341,175,,namd/2.11-cuda,directory,potapyurich_251891,ccoe,,
/opt/ccoe/lammps-7Feb2024,Lammps,,,2024-03-29,нет,2025-05-21 00:40:15,,65,161,,lammps/7Feb2024,directory,markzaborodskiy_2338,project_2338,,
/opt/software/lammps/lammps-22Feb18-ompi,Lammps,,,2018-03-06,да,2025-06-09 14:52:09,507,386,156,,lammps/22f18-mpi,directory,practice,practice,,
/opt/ccoe/gromacs-5.1.1,Gromacs,,,2016-02-25,нет,2025-04-10 20:43:12,211,308,73,,gromacs/5.1.1,directory,afanasievily_251892,ccoe,,
/opt/software/amber,Amber,,,2024-01-14,да,2025-06-10 13:26:45,,170,72,,,directory,practice,practice,,
/opt/ccoe/namd/namd-2.14b2-gcc,Namd,,,2020-07-23,нет,2025-03-27 14:53:39,8,,53,,namd/2.14b-GPU-SINGL_NODE namd/2.14b-GPU-VERBS namd/2.14b-MPI,directory,practice,practice,,
/opt/ccoe/cp2k-2022.2,Cp2k,,,2022-10-04,нет,2025-05-20 06:11:47,2,71,37,,cp2k/ cp2k/2022.2,directory,practice,practice,,
/opt/xalt2,Xalt,,,2019-07-10,да,2025-05-17 18:52:23,,,18,,xalt,directory,root,root,,
/opt/ccoe/singularity,Singularity,,,2021-11-10,нет,2025-04-23 21:30:37,,5,16,,singularity/3.0.1 singularity/3.8.4,directory,practice,practice,,
/opt/dimonta,,,,2025-03-06,да,2025-02-08 11:59:30,85,236,13,,,directory,woker,project_1276,,
/opt/software/lammps/2021May27-2,Lammps,,,2021-07-05,да,2025-03-27 14:20:18,25,,13,,lammps/27May2021,directory,root,root,,
/opt/software/Anaconda3.11,Anaconda,,,2023-10-10,да,2025-05-29 15:50:10,19,137,12,,anaconda3/ anaconda3/3.11,directory,root,root,,
/opt/ccoe/espresso-6.4.1_PGI_GPU,Quantum Espresso,,,2019-10-06,нет,2025-05-27 09:14:58,90,41,9,,espresso/6.4.1-GPU,directory,practice,practice,,
/opt/ccoe/gromacs-2018-gcc,Gromacs,,,2018-05-21,нет,2025-04-10 16:44:26,12,5,7,,gromacs/2018-gcc gromacs/2018-icc,directory,root,ccoe,,
/opt/ccoe/NAMD-2.11,Namd,,,2016-04-12,нет,2025-03-01 19:21:46,,1,6,,namd/2.11,directory,potapyurich_251891,ccoe,,
/opt/ccoe/lammps,Lammps,,,2016-10-05,нет,2025-03-14 10:27:21,47,278,5,,lammps/cuda,directory,afanasievily_251892,afanasievily_251892,LAMMPS 3.2.7,Пакет распространяется по лицензии GPL
/opt/software/FlowVision,FlowVision,,,2024-02-22,да,2025-01-09 20:04:12,184,18,4,,,directory,user1,project_201,FlowVision/3.10.02,да
/opt/software/Anaconda3,Anaconda,,,2021-03-09,да,2025-04-23 00:00:16,90,353,3,,anaconda3/3.7.0,directory,root,root,,
/opt/ccoe/lammps-29Oct2020,Lammps,,,2020-10-30,да,2025-02-11 14:41:56,,1,2,,lammps/29Oct2020-v100,directory,practice,practice,,
/opt/intel/vtune_amplifier_2019.6.0.602217,Vtune Amplifier,,,2019-08-19,да,2025-02-11 23:49:47,99,81,1,,intel/2017.1 intel/2019.4 intel/2019.5 vtune/2019.6,directory,root,root,,
/opt/software/lammps/lammps-22Feb18-cuda,Lammps,,,2018-03-06,да,2025-02-11 14:26:27,3,1,1,,lammps/22f18-cuda,directory,practice,practice,,
/opt/ccoe/nwchem-6.8,NWChem,,,2019-12-11,нет,2025-04-24 12:40:42,89,,1,,nwchem/ nwchem/6.8,directory,practice,practice,,
/opt/software/castep-7.01,CASTEP,,"CASTEP is a leading code for calculating the properties of materials from first principles. Using density functional theory, it can simulate a wide range of properties of materials proprieties including energetics, structure at the atomic level, vibrational properties, electronic response properties etc. In particular it has a wide range of spectroscopic features that link directly to experiment, such as infra-red and Raman spectroscopies, NMR, and core level spectra.",2021-06-22,да,2024-08-20 14:14:13,48,803,,,,directory,root,castep,,
/opt/ccoe/vasp-5.4.1,Vasp,,,2016-04-28,да,2024-10-28 22:58:39,85,219,,,vasp/5.4.1-cuda vasp/5.4.1,directory,afanasievily_251892,vasp,,
/opt/software/OpenFoam-5.0,OpenFOAM,,,2017-11-07,да,2024-11-02 02:44:21,329,162,,,,directory,strijhak_1907,root,,
/opt/ccoe/lammps-7Aug19,Lammps,,,2020-03-20,нет,2024-09-15 12:49:51,3,136,,,lammps/7A19-cuda-p100,directory,practice,practice,Lammps 7 Aug 2019,
/opt/software/orca_5_0_3_linux_x86-64_shared_openmpi411,Orca,,,2022-02-14,да,2024-10-01 00:40:02,,73,,,,directory,UNKNOWN,UNKNOWN,,
/opt/software/assembly_tools,,,,2024-09-18,да,2024-09-22 23:30:49,,69,,,,directory,miraarenwood_2349,project_2349,,
/opt/java,,,,2016-02-25,да,2024-12-17 08:11:41,,56,,,,directory,root,root,,
/opt/software/espresso-6.2.1,Quantum Espresso,,,2018-02-18,да,2024-12-12 14:54:30,568,46,,,espresso/6.2.1,directory,practice,root,,
/opt/ccoe/vasp-5.4.4,Vasp,,,2019-12-02,да,2024-12-01 09:08:43,5,39,,,vasp/5.4.4-cuda,directory,afanasievily_251892,vasp,,
/opt/software/java,,,,2018-10-24,да,2024-06-27 02:21:50,,26,,,java/ java/jdk1.8.0,directory,practice,root,,
/opt/intel/advisor_2019.5.0.602216,Intel Advisor,,,2019-10-17,да,2024-11-30 18:17:21,37,21,,,intel/2017.1 intel/2019.4 intel/2019.5,directory,root,root,,
/opt/nvidia,,,,2021-01-29,да,2024-11-04 14:35:06,1,11,,,nvhpc/ nvhpc-byo-compiler/ nvhpc-byo-compiler/22.1 nvhpc-nompi/ nvhpc-nompi/20.11 nvhpc-nompi/22.1 nvhpc/20.11 nvhpc/22.1,directory,root,root,,
/opt/software/VASP-5.4.4.1,Vasp,,,2020-06-20,да,2024-03-22 11:31:54,10,8,,,vasp/ vasp/5.4.4,directory,root,vasp,,
/opt/ccoe/nwchem-6.6,NWChem,,,2016-05-18,нет,2024-12-30 17:22:05,22,2,,,nwchem/6.6-cuda nwchem/6.6-openmpi,directory,potapyurich_251891,potapyurich_251891,,
/opt/ccoe/gromacs-2019.4-gcc-cuda,Gromacs,,,2019-11-10,нет,2023-08-14 17:55:43,366,,,,gromacs/2019.4-gcc-gpu,directory,practice,practice,,
/opt/ccoe/abinit-7.10.5-cuda,ABINIT,,,2016-02-25,нет,2023-11-03 19:07:16,5,,,,abinit/7.10.5,directory,afanasievily_251892,ccoe,,
/opt/intel/vtune2019,Intel VTune Profiler,,,2019-04-02,да,2023-04-24 00:29:39,1,,,,intel/2017.1 intel/2019.4 intel/2019.5,directory,root,root,,
/opt/BAK,,,,2022-12-28,да,,,,,,,directory,root,root,,
/opt/DOC,,,,2021-09-20,нет,,,,,,,directory,root,root,,
/opt/Lost+Found.2,,,,2020-09-16,да,,,,,,,directory,root,root,,
/opt/Navisphere,,,,2018-11-23,нет,,,,,,,directory,root,root,,
/opt/SRC,,,,2023-10-13,да,,,,,,,directory,root,root,,
/opt/VirtualGL,,,,2019-07-01,нет,,,,,,,directory,root,root,,
/opt/analysis,,,,2021-03-10,да,,,,,,,directory,root,root,,
/opt/archive,,,,2017-07-07,да,,,,,,,directory,root,root,,
/opt/aspera,,,,2018-12-10,нет,,,,,,,directory,root,root,,
/opt/aur_license,,,,2019-08-08,нет,,,,,,,directory,root,root,,
/opt/autoconf/2.69,,,,2016-02-25,нет,,,,,,,directory,root,root,,
/opt/automake/1.14,,,,2016-02-25,нет,,,,,,,directory,root,root,,
/opt/automake/1.16,,,,2024-05-15,нет,,,,,,,directory,markzaborodskiy_2338,root,,
/opt/ccc,,,,2019-05-30,нет,,,,,,,regular file,root,root,,
/opt/ccoe/CryoSPARC,,,,2025-06-10,нет,,,,,,,directory,root,root,,
/opt/ccoe/Docker,,,,2018-11-10,нет,,,,,,,directory,practice,practice,,
/opt/ccoe/ML-DL_Python-2.7,,,,2018-11-12,нет,,,,,,,directory,practice,practice,,
/opt/ccoe/ML-DL_Python-3.6,,,,2018-11-17,да,,,,,,,directory,practice,practice,,
/opt/ccoe/ML-DL_Python-3.6_nccl,,,,2018-12-18,да,,,,,,,directory,practice,practice,,
/opt/ccoe/ML-DL_Python-3.6_test,,,,2018-12-18,да,,,,,,,directory,practice,practice,,
/opt/ccoe/NAMD-2.14,,,,2020-10-27,нет,,,,,,,directory,practice,practice,,
/opt/ccoe/TeraChem,,,,2019-07-18,да,,,,,,TeraChem/ TeraChem/1.9,directory,practice,terachem,,
/opt/ccoe/abinit-10-mpi,,,,2023-12-25,нет,,,,,,,directory,markzaborodskiy_2338,root,,
/opt/ccoe/abinit-8.8.3-mpi,,,,2019-06-06,нет,,,,,,,directory,practice,practice,,
/opt/ccoe/abinit-9.6.2,,,,2024-01-16,нет,,,,,,abinit/ abinit/9.6.2,directory,root,root,,
/opt/ccoe/amber12,,,,2016-02-26,нет,,,,,,,directory,potapyurich_251891,ccoe,,
/opt/ccoe/amber12-cuda,,,,2016-02-26,нет,,,,,,amber/ amber/12-cuda,directory,potapyurich_251891,ccoe,,
/opt/ccoe/boost_install,,,,2019-11-11,нет,,,,,,,directory,afanasievily_251892,afanasievily_251892,,
/opt/ccoe/bzip2-1.0.6,,,,2016-02-26,нет,,,,,,,directory,potapyurich_251891,ccoe,,
/opt/ccoe/caffe,,,,2018-08-31,да,,,,,,caffe/ caffe/1.0.0,directory,practice,practice,Caffe ,Свободный
/opt/ccoe/ccoe,,,,2024-09-03,да,,,,,,,directory,root,ccoe,,
/opt/ccoe/charm,,,,2016-02-25,нет,,,,,,,directory,potapyurich_251891,ccoe,,
/opt/ccoe/cmake-3.12.3,,,,2018-10-07,нет,,,,,,cmake/3.12.3,directory,practice,practice,,
/opt/ccoe/cmake-3.30.7,,,,2025-04-07,нет,,,,,,cmake/ cmake/3.30.7,directory,practice,practice,,
/opt/ccoe/cmake-3.4.0,,,,2016-02-25,нет,,,,,,,directory,afanasievily_251892,ccoe,,
/opt/ccoe/cp2k-3.0,,,,2016-02-26,да,,,,,,cp2k/3.0,directory,potapyurich_251891,ccoe,,
/opt/ccoe/cp2k-6.1,,,,2019-06-03,да,,,,,,,directory,practice,practice,,
/opt/ccoe/eigen,,,,2024-03-12,нет,,,,,,,directory,root,root,,
/opt/ccoe/espresso-5.3.0,,,,2016-02-26,да,,,,,,espresso/5.3.0,directory,afanasievily_251892,ccoe,,
/opt/ccoe/fftw-2.1.5,,,,2016-02-26,нет,,,,,,,directory,afanasievily_251892,ccoe,,
/opt/ccoe/fftw-3.3.10,,,,2024-06-26,нет,,,,,,,directory,root,root,,
/opt/ccoe/fftw-3.3.8,,,,2020-10-05,нет,,,,,,vasp/5.4.4-gcc,directory,practice,practice,,
/opt/ccoe/fftw3,,,,2016-02-26,нет,,,,,,,directory,potapyurich_251891,ccoe,,
/opt/ccoe/fltk,,,,2019-05-16,нет,,,,,,,directory,practice,practice,,
/opt/ccoe/gcc-11.3.0,,,,2024-02-26,нет,,,,,,gcc/11.3.0,directory,practice,practice,,
/opt/ccoe/gcc-14.1,,,,2024-07-03,нет,,,,,,gcc/ gcc/14.1,directory,practice,practice,,
/opt/ccoe/gcc-4.8.5,,,,2018-10-06,нет,,,,,,gcc/4.8.5,directory,practice,practice,,
/opt/ccoe/git,,,,2025-04-10,нет,,,,,,git/ git/v2.39,directory,practice,practice,,
/opt/ccoe/gromacs-,,,,2020-10-06,нет,,,,,,,directory,practice,practice,,
/opt/ccoe/gromacs-2019.4-icc,,,,2019-11-19,нет,,,,,,gromacs/2019.4-icc,directory,practice,practice,,
/opt/ccoe/gsl,,,,2024-03-12,нет,,,,,,,directory,root,root,,
/opt/ccoe/intel_2019_cpp,,,,2018-12-17,да,,,,,,,directory,afanasievily_251892,afanasievily_251892,,
/opt/ccoe/intel_2019_cpp_only,,,,2018-12-17,да,,,,,,,directory,afanasievily_251892,afanasievily_251892,,
/opt/ccoe/lammps-30Jul16,,,,2016-10-05,нет,,,,,,,directory,afanasievily_251892,afanasievily_251892,,
/opt/ccoe/lammps-7Dec15,,,,2016-02-26,нет,,,,,,,directory,afanasievily_251892,ccoe,,
/opt/ccoe/libxx,,,,2018-12-13,нет,,,,,,,directory,practice,practice,,
/opt/ccoe/magma-1.7.0,,,,2016-02-25,нет,,,,,,magma/ magma/1.7.0,directory,afanasievily_251892,ccoe,Magma 1.7.0,"Да
Данные о стоимости лицензии можно посмотреть здесь
http://magma.maths.usyd.edu.au/magma/ordering/
"
/opt/ccoe/modulefiles,,,,2021-11-14,нет,,,,,,,directory,potapyurich_251891,ccoe,,
/opt/ccoe/myModulefiles,,,,2016-04-26,нет,,,,,,,directory,potapyurich_251891,ccoe,,
/opt/ccoe/namd/2.14-icc-cuda8,,,,2021-03-30,нет,,,,,,namd/2.14-mpi-gpu,directory,root,root,,
/opt/ccoe/namd/Linux-x86_64-icc,,,,2016-02-25,нет,,,,,,,directory,potapyurich_251891,ccoe,NAMD 2.11,"Пакет коммерческий, но бесплатен для некоммерческого использования"
/opt/ccoe/namd/namd-3.01-gcc-cuda,,,,2025-02-21,нет,,,,,,namd/ namd/3.01-cuda-12,directory,markzaborodskiy_2338,root,,
/opt/ccoe/namd/namd-3.01-gcc-cuda11,,,,2025-02-25,нет,,,,,,namd/3.01-cuda-11,directory,root,root,,
/opt/ccoe/namd/namd-test,,,,2025-03-17,нет,,,,,,namd/3.01-cuda-test,directory,practice,root,,
/opt/ccoe/namd_cuda,,,,2016-02-25,нет,,,,,,,directory,potapyurich_251891,ccoe,,
/opt/ccoe/namd_smp,,,,2016-02-25,нет,,,,,,,directory,potapyurich_251891,ccoe,,
/opt/ccoe/nccl,,,,2018-12-17,нет,,,,,,,directory,practice,practice,,
/opt/ccoe/nvhpc_2024_245,,,,2024-07-05,нет,,,,,,,directory,markzaborodskiy_2338,root,,
/opt/ccoe/old,,,,2016-05-18,нет,,,,,,,directory,potapyurich_251891,potapyurich_251891,,
/opt/ccoe/openCV-2.4,,,,2018-11-10,нет,,,,,,,directory,practice,practice,,
/opt/ccoe/plumed2,,,,2025-04-07,нет,,,,,,,directory,practice,practice,,
/opt/ccoe/pmu-events,,,,2018-04-04,нет,,,,,,,directory,afanasievily_251892,afanasievily_251892,,
/opt/ccoe/singularity-3.11.0,,,,2023-03-14,нет,,,,,,singularity/ singularity/3.11.0,directory,root,root,,
/opt/ccoe/sources,,,,2016-05-10,да,,,,,,,directory,potapyurich_251891,ccoe,,
/opt/ccoe/tensorflow,,,,2018-10-30,нет,,,,,,,directory,practice,practice,,
/opt/ccoe/vasp-6.4.1,,,,2024-09-03,нет,,,,,,,directory,root,root,,
/opt/ccoe/vasp-6.6.3,,,,2024-08-09,нет,,,,,,,directory,markzaborodskiy_2338,root,,
/opt/cgf,,,,2019-12-24,да,,,,,,,directory,render,root,,
/opt/cgru,,,,2019-05-22,нет,,,,,,,directory,render,root,,
/opt/check-status,,,,2020-09-28,нет,,,,,,,regular empty file,root,root,,
/opt/clang,,,,2016-02-25,нет,,,,,,,directory,root,root,,
/opt/cmake,,,,2016-02-25,да,,,,,,,directory,root,root,,
/opt/collectd,,,,2016-08-26,да,,,,,,,directory,root,root,,
/opt/collectd-5.5,,,,2017-11-16,да,,,,,,,directory,root,root,,
/opt/conda_env,,,,2024-03-04,да,,,,,,,directory,root,root,,
/opt/containerd,,,,2022-08-24,да,,,,,,,directory,root,root,,
/opt/cuda/cuda,,,,2024-11-19,да,,,,,,,directory,root,root,,
/opt/cuda/cuda-10.1,,,,2019-07-17,да,,,,,,cuda/10.1,directory,practice,practice,,
/opt/cuda/cuda-11.1,,,,2020-10-05,да,,,,,,cuda/11.1,directory,practice,practice,,
/opt/cuda/cuda-12.0,,,,2024-08-15,да,,,,,,cuda/12.0,directory,root,root,,
/opt/cuda/cuda-12.4,,,,2024-07-12,да,,,,,,,directory,markzaborodskiy_2338,root,,
/opt/cuda/cuda-5.5,,,,2016-02-25,да,,,,,,cuda/5.5,directory,root,tplat,,
/opt/cuda/cuda-6.5,,,,2016-02-25,да,,,,,,cuda/6.5 magma/ magma/1.7.0,directory,root,root,,
/opt/cuda/cuda-8.0,,,,2017-07-04,да,,,,,,cuda/ cuda/8.0 lammps/7A19-cuda-p100,directory,root,root,,
/opt/cuda/cuda-9.0,,,,2018-03-29,да,,,,,,,directory,root,root,,
/opt/cuda/cuda-9.1,,,,2018-03-06,да,,,,,,,directory,root,root,,
/opt/cuda/nvidia-libs-346.96,,,,2016-02-25,нет,,,,,,,directory,root,root,,
/opt/dislib,,,,2016-02-25,да,,,,,,,directory,korzh,root,,
/opt/docker,,,,2018-11-14,да,,,,,,,directory,practice,root,,
/opt/emc,,,,2018-11-23,нет,,,,,,,directory,root,root,,
/opt/extra,,,,2020-06-06,нет,,,,,,gmsh/ gmsh/4.5.6,directory,root,root,,
/opt/flexnetserver,,,,2020-01-10,нет,,,,,,,directory,root,root,,
/opt/gcc,,,,2016-02-25,да,,,,,,,directory,root,root,,
/opt/gnustep,,,,2016-02-25,да,,,,,,,directory,root,root,,
/opt/h,,,,2019-05-31,нет,,,,,,,regular file,root,root,,
/opt/hfs15.0.313,,,,2015-12-08,да,,,,,,,directory,render,render,,
/opt/hfs15.0.459,,,,2016-05-12,да,,,,,,,directory,render,render,,
/opt/houdini_libs,,,,2016-10-13,нет,,,,,,,directory,render,render,,
/opt/hpctools,,,,2021-03-15,да,,,,,,,directory,vadim,root,,
/opt/hpcx-v1.9.5-gcc-MLNX_OFED_LINUX-4.1-1.0.2.0-redhat7.1-x86_64,,,,2017-06-28,да,,,,,,,directory,root,root,,
/opt/ib_guids,,,,2020-02-05,нет,,,,,,,directory,root,root,,
/opt/ibutils,,,,2016-02-25,нет,,,,,,,directory,root,root,,
/opt/ibutils.pvt,,,,2021-02-25,да,,,,,,,directory,root,legkozapomnit_1864,,
/opt/intel/advisor,,,,2019-10-17,да,,,,,,intel/2017.1 intel/2019.4 intel/2019.5,symbolic link,root,root,,
/opt/intel/advisor_2017.1.1.486553,,,,2018-07-27,да,,,,,,intel/2017.1 intel/2019.4 intel/2019.5,directory,root,root,,
/opt/intel/advisor_2018,,,,2018-07-27,да,,,,,,intel/2017.1 intel/2019.4 intel/2019.5,symbolic link,root,root,,
/opt/intel/advisor_2018.2.0.551025,,,,2018-07-27,да,,,,,,intel/2017.1 intel/2019.4 intel/2019.5,directory,root,root,,
/opt/intel/advisor_2019,,,,2019-10-17,да,,,,,,intel/2017.1 intel/2019.4 intel/2019.5,symbolic link,root,root,,
/opt/intel/advisor_2019.4.0.597843,,,,2019-08-01,да,,,,,,intel/2017.1 intel/2019.4 intel/2019.5,directory,root,root,,
/opt/intel/advisor_xe,,,,2018-02-07,да,,,,,,intel/2017.1 intel/2019.4 intel/2019.5,symbolic link,root,root,,
/opt/intel/advisor_xe_2013,,,,2017-06-13,да,,,,,,intel/2017.1 intel/2019.4 intel/2019.5,directory,root,root,,
/opt/intel/advisor_xe_2015,,,,2016-02-25,да,,,,,,intel/2017.1 intel/2019.4 intel/2019.5,symbolic link,root,root,,
/opt/intel/advisor_xe_2015.1.10.380555,,,,2016-02-25,да,,,,,,intel/2017.1 intel/2019.4 intel/2019.5,directory,root,root,,
/opt/intel/bin,,,,2021-03-25,да,,,,,,intel/2017.1 intel/2019.4 intel/2019.5,directory,root,root,,
/opt/intel/clck,,,,2019-08-16,да,,,,,,intel/2017.1 intel/2019.4 intel/2019.5,directory,root,root,,
/opt/intel/clck_latest,,,,2019-10-17,да,,,,,,intel/2017.1 intel/2019.4 intel/2019.5,symbolic link,root,root,,
/opt/intel/compilers_and_libraries,,,,2019-10-17,да,,,,,,intel/2017.1 intel/2019.4 intel/2019.5,symbolic link,root,root,,
/opt/intel/compilers_and_libraries_2017,,,,2018-03-21,да,,,,,,intel/2017.1 intel/2019.4 intel/2019.5,directory,root,root,,
/opt/intel/compilers_and_libraries_2018,,,,2018-07-27,да,,,,,,intel/2017.1 intel/2019.4 intel/2019.5,directory,root,root,,
/opt/intel/compilers_and_libraries_2018.2.199,,,,2018-02-15,да,,,,,,intel/2017.1 intel/2019.4 intel/2019.5,directory,root,root,,
/opt/intel/compilers_and_libraries_2019,,,,2019-02-11,да,,,,,,intel/2017.1 intel/2019.4 intel/2019.5,directory,root,root,,
/opt/intel/compilers_and_libraries_2019.2.187,,,,2019-01-24,да,,,,,,impi/2019.2 intel/2017.1 intel/2019.4 intel/2019.5 mkl/ mkl/2019.2,directory,root,root,,
/opt/intel/compilers_and_libraries_2019.4.243,,,,2019-05-14,да,,,,,,intel/2017.1 intel/2019.4 intel/2019.5,directory,root,root,,
/opt/intel/compilers_and_libraries_2019.5.281,,,,2019-08-19,да,,,,,,cp2k/7.1 intel/2017.1 intel/2019.4 intel/2019.5 mkl/2019.5,directory,root,root,,
/opt/intel/compilers_and_libraries_2020,,,,2021-03-25,да,,,,,,intel/2017.1 intel/2019.4 intel/2019.5,directory,root,root,,
/opt/intel/composer_xe_2013_sp1,,,,2017-06-13,да,,,,,,intel/2017.1 intel/2019.4 intel/2019.5,directory,root,root,,
/opt/intel/composer_xe_2013_sp1.2.144,,,,2017-06-13,да,,,,,,intel/2017.1 intel/2019.4 intel/2019.5,directory,root,root,,
/opt/intel/composer_xe_2013_sp1.3.174,,,,2016-02-25,да,,,,,,intel/14.0.3 intel/2017.1 intel/2019.4 intel/2019.5 mkl/11.1.3,directory,root,root,,
/opt/intel/composer_xe_2015,,,,2016-02-25,да,,,,,,intel/2017.1 intel/2019.4 intel/2019.5,directory,root,root,,
/opt/intel/composer_xe_2015.3.187,,,,2016-02-25,да,,,,,,intel/ intel/15.0.3 intel/2017.1 intel/2019.4 intel/2019.5 mkl/2015.3.187-ilp64 mkl/2015.3.187-lp64 vasp/test,directory,root,root,,
/opt/intel/composerxe,,,,2018-02-07,да,,,,,,intel/2017.1 intel/2019.4 intel/2019.5,symbolic link,root,root,,
/opt/intel/conda_channel,,,,2020-10-01,да,,,,,,intel/2017.1 intel/2019.4 intel/2019.5,directory,root,root,,
/opt/intel/daal,,,,2021-03-25,да,,,,,,intel/2017.1 intel/2019.4 intel/2019.5,symbolic link,root,root,,
/opt/intel/debugger_2017,,,,2016-10-20,да,,,,,,intel/2017.1 intel/2019.4 intel/2019.5,directory,root,root,,
/opt/intel/debugger_2018,,,,2018-03-15,да,,,,,,intel/2017.1 intel/2019.4 intel/2019.5,directory,root,root,,
/opt/intel/debugger_2019,,,,2019-08-19,да,,,,,,intel/2017.1 intel/2019.4 intel/2019.5,directory,root,root,,
/opt/intel/documentation_2017,,,,2016-10-20,да,,,,,,intel/2017.1 intel/2019.4 intel/2019.5,directory,root,root,,
/opt/intel/documentation_2018,,,,2018-03-15,да,,,,,,intel/2017.1 intel/2019.4 intel/2019.5,directory,root,root,,
/opt/intel/documentation_2019,,,,2019-08-21,да,,,,,,intel/2017.1 intel/2019.4 intel/2019.5,directory,root,root,,
/opt/intel/documentation_2020,,,,2021-03-25,да,,,,,,intel/2017.1 intel/2019.4 intel/2019.5,directory,root,root,,
/opt/intel/ics,,,,2016-02-25,да,,,,,,intel/2017.1 intel/2019.4 intel/2019.5,directory,root,root,,
/opt/intel/icsxe,,,,2017-06-13,да,,,,,,intel/2017.1 intel/2019.4 intel/2019.5,directory,root,root,,
/opt/intel/ide_support_2017,,,,2016-10-20,да,,,,,,intel/2017.1 intel/2019.4 intel/2019.5,directory,root,root,,
/opt/intel/ide_support_2018,,,,2018-03-15,да,,,,,,intel/2017.1 intel/2019.4 intel/2019.5,directory,root,root,,
/opt/intel/ide_support_2019,,,,2019-08-19,да,,,,,,intel/2017.1 intel/2019.4 intel/2019.5,directory,root,root,,
/opt/intel/imb,,,,2021-03-25,да,,,,,,intel/2017.1 intel/2019.4 intel/2019.5,directory,root,root,,
/opt/intel/imb_4.0.3,,,,2016-02-25,да,,,,,,intel/2017.1 intel/2019.4 intel/2019.5,symbolic link,root,root,,
/opt/intel/imb_latest,,,,2016-02-25,да,,,,,,intel/2017.1 intel/2019.4 intel/2019.5,symbolic link,root,root,,
/opt/intel/impi_5.0.3,,,,2016-02-25,да,,,,,,intel/2017.1 intel/2019.4 intel/2019.5,symbolic link,root,root,,
/opt/intel/impi_latest,,,,2016-02-25,да,,,,,,intel/2017.1 intel/2019.4 intel/2019.5,symbolic link,root,root,,
/opt/intel/include,,,,2019-10-17,да,,,,,,intel/2017.1 intel/2019.4 intel/2019.5,symbolic link,root,root,,
/opt/intel/inspector,,,,2019-10-17,да,,,,,,intel/2017.1 intel/2019.4 intel/2019.5,symbolic link,root,root,,
/opt/intel/inspector_2017.1.1.484836,,,,2018-07-27,да,,,,,,intel/2017.1 intel/2019.4 intel/2019.5,directory,root,root,,
/opt/intel/inspector_2018,,,,2018-07-27,да,,,,,,intel/2017.1 intel/2019.4 intel/2019.5,symbolic link,root,root,,
/opt/intel/inspector_2018.2.0.551023,,,,2018-07-27,да,,,,,,intel/2017.1 intel/2019.4 intel/2019.5,directory,root,root,,
/opt/intel/inspector_2019,,,,2019-10-17,да,,,,,,intel/2017.1 intel/2019.4 intel/2019.5,symbolic link,root,root,,
/opt/intel/inspector_2019.4.0.597413,,,,2019-08-01,да,,,,,,intel/2017.1 intel/2019.4 intel/2019.5,directory,root,root,,
/opt/intel/inspector_2019.5.0.602103,,,,2019-10-17,да,,,,,,intel/2017.1 intel/2019.4 intel/2019.5,directory,root,root,,
/opt/intel/inspector_xe,,,,2018-02-07,да,,,,,,intel/2017.1 intel/2019.4 intel/2019.5,symbolic link,root,root,,
/opt/intel/inspector_xe_2013,,,,2017-06-13,да,,,,,,intel/2017.1 intel/2019.4 intel/2019.5,directory,root,root,,
/opt/intel/inspector_xe_2015,,,,2016-02-25,да,,,,,,intel/2017.1 intel/2019.4 intel/2019.5,symbolic link,root,root,,
/opt/intel/inspector_xe_2015.1.2.379161,,,,2016-02-25,да,,,,,,intel/2017.1 intel/2019.4 intel/2019.5,directory,root,root,,
/opt/intel/intel,,,,2024-11-19,да,,,,,,intel/2017.1 intel/2019.4 intel/2019.5,directory,root,root,,
/opt/intel/intel_sdp_products.db,,,,2019-10-17,да,,,,,,intel/2017.1 intel/2019.4 intel/2019.5,symbolic link,root,root,,
/opt/intel/intel_sdp_products.tgz.db,,,,2018-07-27,да,,,,,,intel/2017.1 intel/2019.4 intel/2019.5,regular empty file,root,root,,
/opt/intel/intelpython2,,,,2019-10-17,да,,,,,,intel/2017.1 intel/2019.4 intel/2019.5,directory,root,root,,
/opt/intel/intelpython3,,,,2019-10-17,да,,,,,,intel/2017.1 intel/2019.4 intel/2019.5,directory,root,root,,
/opt/intel/ipp,,,,2021-03-25,да,,,,,,intel/2017.1 intel/2019.4 intel/2019.5,symbolic link,root,root,,
/opt/intel/ism,,,,2018-07-27,да,,,,,,intel/2017.1 intel/2019.4 intel/2019.5,directory,root,root,,
/opt/intel/itac,,,,2019-08-20,да,,,,,,intel/2017.1 intel/2019.4 intel/2019.5,directory,root,root,,
/opt/intel/itac_2017,,,,2018-03-21,да,,,,,,intel/2017.1 intel/2019.4 intel/2019.5,symbolic link,root,root,,
/opt/intel/itac_2018,,,,2018-07-27,да,,,,,,intel/2017.1 intel/2019.4 intel/2019.5,symbolic link,root,root,,
/opt/intel/itac_2019,,,,2019-10-17,да,,,,,,intel/2017.1 intel/2019.4 intel/2019.5,symbolic link,root,root,,
/opt/intel/itac_9.0.3,,,,2016-02-25,да,,,,,,intel/2017.1 intel/2019.4 intel/2019.5,symbolic link,root,root,,
/opt/intel/itac_latest,,,,2019-10-17,да,,,,,,intel/2017.1 intel/2019.4 intel/2019.5,symbolic link,root,root,,
/opt/intel/lib,,,,2019-10-17,да,,,,,,intel/2017.1 intel/2019.4 intel/2019.5,symbolic link,root,root,,
/opt/intel/licenses,,,,2020-01-10,да,,,,,,intel/14.0.3 intel/2017.1 intel/2019.4 intel/2019.5,directory,root,root,,
/opt/intel/logs_10_2019_10_18_09.34.54.tar,,,,2019-10-18,да,,,,,,intel/2017.1 intel/2019.4 intel/2019.5,regular file,root,root,,
/opt/intel/lom2-2018-01.csv,,,,2018-02-12,да,,,,,,intel/2017.1 intel/2019.4 intel/2019.5,regular file,root,root,,
/opt/intel/man,,,,2019-10-17,да,,,,,,intel/2017.1 intel/2019.4 intel/2019.5,symbolic link,root,root,,
/opt/intel/mkl,,,,2021-03-25,да,,,,,,intel/2017.1 intel/2019.4 intel/2019.5 magma/ magma/1.7.0,symbolic link,root,root,,
/opt/intel/mpirt,,,,2021-03-25,да,,,,,,intel/2017.1 intel/2019.4 intel/2019.5,symbolic link,root,root,,
/opt/intel/oneapi_2024,,,,2024-07-03,да,,,,,,intel/2017.1 intel/2019.4 intel/2019.5,directory,root,root,,
/opt/intel/packagemanager,,,,2024-07-02,да,,,,,,intel/2017.1 intel/2019.4 intel/2019.5,directory,root,root,,
/opt/intel/parallel_studio_xe_2015,,,,2016-02-25,да,,,,,,intel/2017.1 intel/2019.4 intel/2019.5,directory,root,root,,
/opt/intel/parallel_studio_xe_2017.1.043,,,,2018-03-21,да,,,,,,intel/2017.1 intel/2019.4 intel/2019.5,directory,root,root,,
/opt/intel/parallel_studio_xe_2018,,,,2018-07-27,да,,,,,,intel/2017.1 intel/2019.4 intel/2019.5,symbolic link,root,root,,
/opt/intel/parallel_studio_xe_2018.2.046,,,,2018-07-27,да,,,,,,intel/2017.1 intel/2019.4 intel/2019.5,directory,root,root,,
/opt/intel/parallel_studio_xe_2019,,,,2019-10-17,да,,,,,,intel/2017.1 intel/2019.4 intel/2019.5,symbolic link,root,root,,
/opt/intel/parallel_studio_xe_2019.2.057,,,,2019-02-11,да,,,,,,intel/2017.1 intel/2019.4 intel/2019.5,directory,root,root,,
/opt/intel/parallel_studio_xe_2019.4.070,,,,2019-08-01,да,,,,,,intel/2017.1 intel/2019.4 intel/2019.5,directory,root,root,,
/opt/intel/parallel_studio_xe_2019.5.075,,,,2019-10-17,да,,,,,,intel/2017.1 intel/2019.4 intel/2019.5,directory,root,root,,
/opt/intel/parallel_studio_xe_2020,,,,2021-03-25,да,,,,,,intel/2017.1 intel/2019.4 intel/2019.5,symbolic link,root,root,,
/opt/intel/parallel_studio_xe_2020.4.912,,,,2021-03-25,да,,,,,,intel/2017.1 intel/2019.4 intel/2019.5,directory,root,root,,
/opt/intel/performance_snapshot,,,,2018-07-27,да,,,,,,intel/2017.1 intel/2019.4 intel/2019.5,symbolic link,root,root,,
/opt/intel/performance_snapshots,,,,2018-07-27,да,,,,,,intel/2017.1 intel/2019.4 intel/2019.5,symbolic link,root,root,,
/opt/intel/performance_snapshots_2018.2.0.551022,,,,2018-07-27,да,,,,,,intel/2017.1 intel/2019.4 intel/2019.5,directory,root,root,,
/opt/intel/performance_snapshots_2019.4.0.597835,,,,2019-08-01,да,,,,,,intel/2017.1 intel/2019.4 intel/2019.5,directory,root,root,,
/opt/intel/performance_snapshots_2019.6.0.602217,,,,2019-10-17,да,,,,,,intel/2017.1 intel/2019.4 intel/2019.5,directory,root,root,,
/opt/intel/pstl,,,,2021-03-25,да,,,,,,intel/2017.1 intel/2019.4 intel/2019.5,symbolic link,root,root,,
/opt/intel/samples_2017,,,,2018-03-21,да,,,,,,intel/2017.1 intel/2019.4 intel/2019.5,directory,root,root,,
/opt/intel/samples_2018,,,,2018-03-15,да,,,,,,intel/2017.1 intel/2019.4 intel/2019.5,directory,root,root,,
/opt/intel/samples_2019,,,,2019-08-21,да,,,,,,intel/2017.1 intel/2019.4 intel/2019.5,directory,root,root,,
/opt/intel/tbb,,,,2021-03-25,да,,,,,,intel/2017.1 intel/2019.4 intel/2019.5,symbolic link,root,root,,
/opt/intel/uninstall,,,,2021-03-25,да,,,,,,intel/2017.1 intel/2019.4 intel/2019.5,directory,root,root,,
/opt/intel/vtune_amplifier,,,,2019-10-17,да,,,,,,intel/2017.1 intel/2019.4 intel/2019.5,symbolic link,root,root,,
/opt/intel/vtune_amplifier_2018,,,,2018-07-27,да,,,,,,intel/2017.1 intel/2019.4 intel/2019.5,symbolic link,root,root,,
/opt/intel/vtune_amplifier_2018.2.0.551022,,,,2018-07-27,да,,,,,,intel/2017.1 intel/2019.4 intel/2019.5,directory,root,root,,
/opt/intel/vtune_amplifier_2019,,,,2019-10-17,да,,,,,,intel/2017.1 intel/2019.4 intel/2019.5,symbolic link,root,root,,
/opt/intel/vtune_amplifier_2019.4.0.597835,,,,2019-05-14,да,,,,,,intel/2017.1 intel/2019.4 intel/2019.5,directory,root,root,,
/opt/intel/vtune_amplifier_xe_2013,,,,2017-06-13,да,,,,,,intel/2017.1 intel/2019.4 intel/2019.5,directory,root,root,,
/opt/intel/vtune_amplifier_xe_2015,,,,2016-02-25,да,,,,,,intel/2017.1 intel/2019.4 intel/2019.5,symbolic link,root,root,,
/opt/intel/vtune_amplifier_xe_2015.3.0.403110,,,,2016-02-25,да,,,,,,intel/2017.1 intel/2019.4 intel/2019.5,directory,root,root,,
/opt/intel/vtune_amplifier_xe_2017.1.0.486011,,,,2018-07-27,да,,,,,,intel/2017.1 intel/2019.4 intel/2019.5,directory,root,root,,
/opt/knem-1.1.1.90mlnx,,,,2016-02-25,нет,,,,,,,directory,root,root,,
/opt/knem-1.1.2.90mlnx2,,,,2017-06-27,нет,,,,,,,directory,root,root,,
/opt/knem-1.1.3.90mlnx1,,,,2024-12-03,нет,,,,,,,directory,root,root,,
/opt/libpapi.so,,,,2017-02-13,нет,,,,,,,symbolic link,root,root,,
/opt/libpapi.so.5,,,,2017-02-13,нет,,,,,,,symbolic link,root,root,,
/opt/libpapi.so.5.2,,,,2017-02-13,нет,,,,,,,symbolic link,root,root,,
/opt/libpapi.so.5.2.0.0,,,,2017-02-13,нет,,,,,,,regular file,root,root,,
/opt/libpfm.so,,,,2017-02-14,нет,,,,,,,regular file,root,root,,
/opt/libpfm.so.4,,,,2017-02-14,нет,,,,,,,regular file,root,root,,
/opt/libpfm.so.4.4.0,,,,2017-02-14,нет,,,,,,,regular file,root,root,,
/opt/libtool,,,,2016-02-25,нет,,,,,,,directory,root,root,,
/opt/make/4.1,,,,2016-02-25,нет,,,,,,make/ make/4.1,directory,root,root,,
/opt/make/4.4,,,,2024-02-29,нет,,,,,,,directory,practice,practice,,
/opt/make/make,,,,2024-11-19,да,,,,,,,directory,root,root,,
/opt/mellanox-sdk,,,,2016-02-25,нет,,,,,,,directory,root,root,,
/opt/mellanox/bupc,,,,2016-02-25,нет,,,,,,,directory,root,root,,
/opt/mellanox/ethtool,,,,2016-02-25,нет,,,,,,,directory,root,root,,
/opt/mellanox/fabric_collector,,,,2016-02-25,нет,,,,,,,directory,root,root,,
/opt/mellanox/fca,,,,2016-02-25,нет,,,,,,,directory,root,root,,
/opt/mellanox/hcoll,,,,2024-12-03,нет,,,,,,,directory,root,root,,
/opt/mellanox/hpcx,,,,2016-02-25,нет,,,,,,,directory,root,root,,
/opt/mellanox/iproute2,,,,2024-12-03,нет,,,,,,,directory,root,root,,
/opt/mellanox/libibprof,,,,2017-07-07,нет,,,,,,,directory,root,root,,
/opt/mellanox/mellanox,,,,2024-11-19,да,,,,,,,directory,root,root,,
/opt/mellanox/mlnx-fw-updater,,,,2024-12-03,нет,,,,,,,directory,root,root,,
/opt/mellanox/mxm,,,,2024-12-03,нет,,,,,,-----,directory,root,root,,
/opt/mellanox/sharp,,,,2024-12-03,нет,,,,,,,directory,root,root,,
/opt/modulefiles,,,,2017-09-14,нет,,,,,,,directory,root,root,,
/opt/modulefiles7,,,,2025-04-10,нет,,,,,,,directory,root,root,,
/opt/mpi/archive,,,,2016-12-14,нет,,,,,,,directory,root,root,,
/opt/mpi/mpi,,,,2024-11-19,да,,,,,,,directory,root,root,,
/opt/mpi/mpich-4.2.1,,,,2024-05-18,да,,,,,,,directory,markzaborodskiy_2338,root,,
/opt/mpi/mpich-4.3.2-gcc9,,,,2021-09-20,да,,,,,,mpich/ mpich/3.4.2-gcc9,directory,root,root,,
/opt/mpi/mvapich2-2.0.1,,,,2016-02-25,нет,,,,,,,directory,root,root,,
/opt/mpi/mvapich2-2.1a,,,,2016-02-25,нет,,,,,,,directory,root,root,,
/opt/mpi/mvapich2-2.1rc1-icc,,,,2016-02-25,нет,,,,,,,directory,root,root,,
/opt/mpi/mvapich2-2.3.4-icc,,,,2020-06-05,нет,,,,,,mvapich/2.3.4-icc,directory,root,root,,
/opt/mpi/mvapich2-2.3.4-icc2019,,,,2020-06-26,нет,,,,,,mvapich/ mvapich/2.3.4-icc2019,directory,root,root,,
/opt/mpi/openmpi-1.10.0-centos7-icc-woslurm,,,,2016-02-25,нет,,,,,,,directory,aln,root,,
/opt/mpi/openmpi-1.10.7-icc,,,,2017-07-05,нет,,,,,,openmpi/1.10.7-icc-mxm openmpi/1.10.7-icc,directory,root,root,,
/opt/mpi/openmpi-1.10.7-icc-th,,,,2018-03-09,нет,,,,,,,directory,root,root,,
/opt/mpi/openmpi-1.10.7-woslurm,,,,2017-07-05,нет,,,,,,,directory,root,root,,
/opt/mpi/openmpi-1.6.5-centos7-gcc-woslurm,,,,2016-02-25,нет,,,,,,,directory,aln,root,,
/opt/mpi/openmpi-1.8.4-centos7-icc,,,,2016-02-25,нет,,,,,,,directory,aln,root,,
/opt/mpi/openmpi-1.8.4-gcc,,,,2017-07-05,нет,,,,,,openmpi/1.8.4-gcc,directory,root,root,,
/opt/mpi/openmpi-1.8.4-gcc-centos7,,,,2016-05-16,нет,,,,,,,directory,root,root,,
/opt/mpi/openmpi-1.8.4-icc,,,,2017-07-05,нет,,,,,,openmpi/1.8.4-icc-mxm openmpi/1.8.4-icc,directory,root,root,,
/opt/mpi/openmpi-1.8.4-icc-centos7-woslurm,,,,2016-02-25,нет,,,,,,openmpi/1.8.4-icc-woslurm,directory,aln,root,,
/opt/mpi/openmpi-2.0.1-icc,,,,2016-11-11,нет,,,,,,,directory,root,root,,
/opt/mpi/openmpi-2.0.1-icc-woslurm,,,,2016-11-11,нет,,,,,,,directory,root,root,,
/opt/mpi/openmpi-2.1.1-icc,,,,2017-07-17,нет,,,,,,openmpi/2.1.1-icc-mxm openmpi/2.1.1-icc,directory,root,root,,
/opt/mpi/openmpi-2.1.1-woslurm,,,,2017-07-04,нет,,,,,,,directory,root,root,,
/opt/mpi/openmpi-2.1.1-woslurm-womlx,,,,2017-07-05,нет,,,,,,,directory,root,root,,
/opt/mpi/openmpi-3.0.0-icc-not-working,,,,2017-10-27,нет,,,,,,,directory,root,root,,
/opt/mpi/openmpi-4.0.0-icc,,,,2019-03-26,нет,,,,,,openmpi/4.0.0-icc,directory,practice,practice,,
/opt/mpi/openmpi-4.0.1-icc,,,,2019-11-28,нет,,,,,,openmpi/ openmpi/4.0.1-icc,directory,practice,practice,,
/opt/mpi/openmpi-4.0.1-icc2019,,,,2019-11-29,нет,,,,,,openmpi/4.0.1-icc2019,directory,root,root,,
/opt/mpi/openmpi-4.0.2-gcc,,,,2019-11-10,нет,,,,,,openmpi/4.0.2-gcc,directory,practice,practice,,
/opt/mpi/openmpi-4.0.5-gcc,,,,2020-10-06,нет,,,,,,openmpi/4.0.5-gcc,directory,practice,practice,,
/opt/mpi/openmpi-4.1.0-gcc,,,,2021-04-28,нет,,,,,,openmpi/4.1.0-gcc,directory,root,root,,
/opt/mpi/openmpi-4.1.0-gcc8,,,,2021-04-29,нет,,,,,,openmpi/4.1.0-gcc8,directory,root,root,,
/opt/mpi/openmpi-4.1.0-gcc9,,,,2021-04-28,нет,,,,,,openmpi/4.1.0-gcc9,directory,root,root,,
/opt/mpi/openmpi-4.1.0-icc,,,,2021-03-18,нет,,,,,,openmpi/4.1.0-icc,directory,root,root,,
/opt/mpi/openmpi-4.1.1-gcc8,,,,2021-11-18,нет,,,,,,openmpi/4.1.1-gcc,directory,root,root,,
/opt/mpi/openmpi-4.1.1-icc,,,,2021-11-18,нет,,,,,,openmpi/4.1.1-icc,directory,root,root,,
/opt/mpi/openmpi-5.0.5,,,,2024-08-28,нет,,,,,,openmpi/5.0.5-gcc,directory,practice,root,,
/opt/mpi/wrappers,,,,2025-05-20,нет,,,,,,-----,directory,root,root,,
/opt/nec/aur_license,,,,2021-02-09,нет,,,,,,,directory,root,root,,
/opt/nec/nec,,,,2024-11-19,да,,,,,,,directory,root,root,,
/opt/nec/prepare-upgrade.sh,,,,2021-08-25,нет,,,,,,,regular file,root,root,,
/opt/nec/set_numa_mode.sh,,,,2021-08-02,нет,,,,,,,regular file,root,root,,
/opt/nec/ve,,,,2021-08-23,да,,,,,,nec/ nec/2.13.0 nec/2.18.0,directory,root,root,,
/opt/neohost,,,,2024-12-03,нет,,,,,,,directory,root,root,,
/opt/nmon,,,,2023-09-20,нет,,,,,,,directory,root,root,,
/opt/nmon_old,,,,2019-11-08,нет,,,,,,,directory,root,root,,
/opt/nodetest,,,,2022-07-22,нет,,,,,,,directory,root,root,,
/opt/octo,,,,2025-01-11,да,,,,,,,directory,root,root,,
/opt/opt,,,,2024-11-12,нет,,,,,,,directory,root,root,,
/opt/osu,,,,2016-08-12,нет,,,,,,,directory,root,root,,
/opt/papi_avail,,,,2021-03-11,нет,,,,,,,regular empty file,root,root,,
/opt/paradigm.mount,,,,2019-06-26,нет,,,,,,,regular file,root,root,,
/opt/paradigm.umount,,,,2019-06-26,нет,,,,,,,regular file,root,root,,
/opt/pgi,,,,2019-09-20,да,,,,,,modulefiles7/pgi/ modulefiles7/pgi/17.4 modulefiles7/pgi/18.4 modulefiles7/pgi/19.4 modulefiles7/pgi/2017 pgi/ pgi/17.4 pgi/18.4 pgi/19.4 pgi/2017,directory,root,root,,
/opt/phoronix-test-suite,,,,2016-06-29,да,,,,,,,directory,root,root,,
/opt/pwnam,,,,2016-09-07,нет,,,,,,,regular file,root,root,,
/opt/qwe,,,,2021-09-03,нет,,,,,,,regular empty file,root,root,,
/opt/r.tgz,,,,2016-09-23,нет,,,,,,,regular file,root,root,,
/opt/rh/devtoolset-7,,,,2021-05-12,да,,,,,,,directory,root,root,,
/opt/rh/devtoolset-8,,,,2021-04-27,да,,,,,,gcc/8.0,directory,root,root,,
/opt/rh/devtoolset-9,,,,2021-01-28,да,,,,,,devtools/ devtools/9,directory,root,root,,
/opt/rh/rh,,,,2024-11-19,да,,,,,,,directory,root,root,,
/opt/rh/rh-ruby27,,,,2021-05-11,да,,,,,,,directory,root,root,,
/opt/schrodinger,,,,2018-02-12,нет,,,,,,,directory,root,root,,
/opt/setup_cgf.sh,,,,2016-09-22,нет,,,,,,,regular file,render,render,,
/opt/sin_cont,,,,2025-04-09,нет,,,,,,,directory,root,root,,
/opt/slurm.old,,,,2016-02-25,нет,,,,,,,directory,aln,root,,
/opt/slurm/14.11.5,,,,2016-02-25,нет,,,,,,,directory,root,root,,
/opt/slurm/14.11.5m,,,,2016-02-25,нет,,,,,,,directory,root,root,,
/opt/slurm/current,,,,2016-02-25,нет,,,,,,slurm/ slurm/15.08.1,symbolic link,root,root,,
/opt/slurm/etc,,,,2024-07-29,нет,,,,,,,directory,root,root,,
/opt/slurm/etc-15.08.1,,,,2024-02-19,нет,,,,,,,directory,aln,root,,
/opt/slurm/scripts,,,,2025-05-22,нет,,,,,,,directory,root,root,,
/opt/so,,,,2018-09-28,нет,,,,,,,directory,root,root,,
/opt/soft,,,,2020-02-14,да,,,,,,,directory,root,root,,
/opt/software/CubeBundle,,,,2021-11-09,да,,,,,,,directory,UNKNOWN,root,,
/opt/software/FV,,,,2018-06-13,да,,,,,,FlowVision/ FlowVision/3.10.02,directory,practice,root,,
/opt/software/Gmsh,,,,2020-06-05,да,,,,,,,directory,strijhak_1907,root,,
/opt/software/MATLAB/R2017b,,,,2018-04-17,да,,,,,,matlab/R2017b,directory,root,root,,
/opt/software/MATLAB/R2018b,,,,2018-09-26,да,,,,,,matlab/R2018b,directory,root,root,,
/opt/software/MATLAB/R2019a,,,,2019-04-12,да,,,,,,,directory,practice,practice,,
/opt/software/MATLAB/R2019b,,,,2020-01-03,да,,,,,,,directory,root,root,,
/opt/software/MATLAB/Runtime_R2021b,,,,2022-01-17,да,,,,,,matlab/ matlab/2021b-runtime,directory,root,root,,
/opt/software/Nek5000,,,,2020-12-18,да,,,,,,,directory,UNKNOWN,root,,
/opt/software/OpenFOAM,,,,2020-10-08,да,,,,,,,directory,UNKNOWN,root,,
/opt/software/OpenFoam-4.1,,,,2017-11-03,да,,,,,,,directory,strijhak_1907,root,,
/opt/software/PDGM,,,,2019-07-25,да,,,,,,,directory,maxtt2007_2097,root,,
/opt/software/R,,,,2020-04-21,да,,,,,,R/ R/3.6.3,directory,root,root,,
/opt/software/VASP-5.4.4.1.old,,,,2017-10-26,да,,,,,,,directory,ilyaternovoy_1940,vasp,,
/opt/software/WRF,,,,2021-08-12,да,,,,,,,directory,root,root,,
/opt/software/amber14-gpu,,,,2018-02-15,да,,,,,,,directory,abs,root,,
/opt/software/amber22,,,,2024-01-11,да,,,,,,,directory,practice,practice,,
/opt/software/amber22-cpu,,,,2023-12-13,да,,,,,,,directory,practice,practice,,
/opt/software/bazel,,,,2018-10-25,да,,,,,,bazel/ bazel/0.16.1,directory,practice,root,,
/opt/software/biovia,,,,2019-06-27,да,,,,,,,directory,root,biovia,,
/opt/software/charliecloud,,,,2021-06-30,да,,,,,,,directory,root,root,,
/opt/software/clang-6.0,,,,2017-12-27,да,,,,,,clang/6.0,directory,practice,root,,
/opt/software/clang-7.0,,,,2018-12-14,да,,,,,,clang/ clang/7.0,directory,practice,practice,,
/opt/software/cmake-3.19.8,,,,2021-04-10,да,,,,,,cmake/3.19.8,directory,root,root,,
/opt/software/containers,,,,2021-01-27,да,,,,,,,directory,root,root,,
/opt/software/cryosparc,,,,2020-07-30,да,,,,,,,directory,kmb_271,root,,
/opt/software/cryospark,,,,2020-07-23,да,,,,,,,directory,root,root,,
/opt/software/cudatoolkit,,,,2018-11-05,да,,,,,,cudatoolkit/ cudatoolkit/8.0,directory,practice,root,,
/opt/software/easybuild,,,,2020-07-07,да,,,,,,,directory,serg,root,,
/opt/software/elpa-2019-05-001-omp,,,,2020-06-18,да,,,,,,,directory,root,root,,
/opt/software/elpa-2019.05.001,,,,2020-06-19,да,,,,,,cp2k/7.1.bak,directory,root,root,,
/opt/software/espresso-6.3,,,,2019-02-05,да,,,,,,,directory,root,root,,
/opt/software/extralibs,,,,2020-06-24,да,,,,,,extralibs/ extralibs/1.0,directory,root,root,,
/opt/software/firefly,,,,2024-03-20,да,,,,,,,directory,root,project_491,,
/opt/software/gcc-5.5,,,,2017-12-27,да,,,,,,gcc/5.5.0,directory,practice,root,,
/opt/software/gcc-9.1,,,,2019-05-31,да,,,,,,gcc/9.1,directory,practice,practice,,
/opt/software/gmp-6.2.1,,,,2021-04-13,да,,,,,,,directory,root,root,,
/opt/software/gmsh,,,,2020-06-05,да,,,,,,gmsh/ gmsh/4.5.6,directory,root,root,,
/opt/software/gsl,,,,2020-04-16,да,,,,,,gsl/ gsl/2.6,directory,root,root,,
/opt/software/gulp,,,,2017-09-08,да,,,,,,,directory,ilyaternovoy_1940,project_1940,,
/opt/software/hdf5/1.12.0,,,,2020-04-16,да,,,,,,hdf5/1.12.0,directory,root,root,,
/opt/software/hdf5/1.12.0-gcc9,,,,2021-09-20,да,,,,,,hdf5/1.12.0-gcc9,directory,root,root,,
/opt/software/hdf5/1.12.0-openmpi-gcc9,,,,2021-09-20,да,,,,,,hdf5/1.12.0-gcc9-openmpi,directory,root,root,,
/opt/software/hdf5/1.12.0-openmpi4,,,,2020-06-18,да,,,,,,hdf5/1.12.0-openmpi4,directory,root,root,,
/opt/software/hdf5/1.12.1-openmpi-gcc9,,,,2021-09-25,да,,,,,,hdf5/1.12.1-gcc9-openmpi,directory,root,root,,
/opt/software/hdf5/1.12.1-openmpi4-gxx9,,,,2022-07-27,да,,,,,,hdf5/ hdf5/1.12.1-openmpi4-gxx9,directory,root,root,,
/opt/software/hdf5/1.12.1-oprnmpi4-gcc9,,,,2022-07-27,да,,,,,,,directory,root,root,,
/opt/software/hpas,,,,2022-05-19,да,,,,,,,directory,yakashindanil_2255,root,,
/opt/software/keras,,,,2018-10-24,да,,,,,,,directory,practice,root,,
/opt/software/kokkos,,,,2022-02-10,да,,,,,,,directory,root,root,,
/opt/software/kokkos-kernels,,,,2022-02-10,да,,,,,,,directory,root,root,,
/opt/software/lammps/2020Mar3-gpu,,,,2020-10-07,да,,,,,,lammps/20Mar3-v100,directory,root,root,,
/opt/software/lammps/2021May27,,,,2021-06-23,да,,,,,,,directory,root,root,,
/opt/software/lammps/lammps-22Feb18,,,,2018-02-22,да,,,,,,,directory,practice,practice,,
/opt/software/lammps/lammps.tar.gz,,,,2018-03-30,да,,,,,,,regular file,practice,practice,,
/opt/software/molpro,,,,2018-01-31,да,,,,,,molpro/ molpro/2015.1.29,directory,practice,root,,
/opt/software/mpip,,,,2021-10-14,да,,,,,,,directory,vadim,root,,
/opt/software/netcdf,,,,2023-03-22,да,,,,,,netcdf/ netcdf/4.8.0 netcdf/4.9.2-icc,directory,root,root,,
/opt/software/netgauge,,,,2022-04-12,да,,,,,,,directory,vadim,root,,
/opt/software/nhc,,,,2021-10-01,да,,,,,,,directory,root,root,,
/opt/software/nhc.old,,,,2021-01-13,да,,,,,,,directory,root,root,,
/opt/software/nwchem-6.8,,,,2021-10-29,да,,,,,,,directory,root,root,,
/opt/software/openblas,,,,2020-05-09,да,,,,,,openblas/ openblas/0.3.9-gcc openblas/0.3.9-icc,directory,root,root,0.9.3,
/opt/software/opencascade,,,,2020-06-05,да,,,,,,,directory,root,root,,
/opt/software/otf2,,,,2021-11-09,да,,,,,,,directory,UNKNOWN,root,,
/opt/software/pmu-tools,,,,2018-04-06,да,,,,,,pmu-tools/ pmu-tools/2017,directory,afanasievily_251892,root,,
/opt/software/python,,,,2018-02-06,да,,,,,,wien2k/ wien2k/17.1,directory,practice,root,,
/opt/software/qt,,,,2021-11-09,да,,,,,,,directory,UNKNOWN,root,,
/opt/software/sarus,,,,2021-07-02,да,,,,,,,directory,root,root,,
/opt/software/scalasca,,,,2021-11-16,да,,,,,,,directory,UNKNOWN,root,,
/opt/software/schrodinger20,,,,2019-11-12,да,,,,,,,directory,root,root,,
/opt/software/schrodinger2017-4,,,,2018-09-28,да,,,,,,,directory,root,root,,
/opt/software/schrodinger2018-1,,,,2019-11-12,да,,,,,,schrodinger/2018-1,directory,root,root,,
/opt/software/schrodinger2019-3,,,,2020-02-14,да,,,,,,schrodinger/ schrodinger/2019-3,directory,root,root,,
/opt/software/smenu,,,,2021-03-20,да,,,,,,,directory,root,root,,
/opt/software/software,,,,2024-04-16,да,,,,,,,directory,root,root,,
/opt/software/trilinos-13.0,,,,2021-05-25,да,,,,,,,directory,toktaliev_2232,root,,
/opt/software/valgrind,,,,2016-02-25,да,,,,,,,directory,root,root,,
/opt/software/valgrind-3.,,,,2017-01-20,да,,,,,,,directory,vadim,root,,
/opt/software/valgrind-3.12.0,,,,2017-01-20,да,,,,,,valgrind/ valgrind/3.12.0,directory,vadim,root,,
/opt/software/wien2k,,,,2019-05-31,да,,,,,,wien2k/ wien2k/17.1,directory,practice,practice,,
/opt/sudoers,,,,2019-06-20,да,,,,,,,regular file,root,root,,
/opt/support,,,,2023-07-04,да,,,,,,,directory,support,root,,
/opt/syssoft,,,,2017-11-02,да,,,,,,,directory,root,root,,
/opt/tests,,,,2016-02-25,да,,,,,,,directory,root,root,,
/opt/tmp,,,,2025-05-28,нет,,,,,,,directory,root,root,,
/opt/toolworks,,,,2019-05-13,да,,,,,,totalview/ totalview/2019.0.4,directory,root,root,,
/opt/tst,,,,2020-11-27,нет,,,,,,,regular file,root,root,,
/opt/tst-g,,,,2020-11-26,нет,,,,,,,regular file,root,root,,
/opt/ve,,,,2021-02-10,да,,,,,,,directory,root,root,,
/opt/vm,,,,2023-10-17,да,,,,,,,directory,root,root,,
/opt/x11-fonts,,,,2019-05-20,нет,,,,,,,directory,root,root,,
/opt/xalt,,,,2019-07-08,да,,,,,,lmod settarg,directory,root,root,,
/opt/xalt-0.5.0,,,,2019-07-08,да,,,,,,,directory,root,root,,
/opt/xcat,,,,2024-11-26,да,,,,,,,directory,root,root,,
